W:\RISK\Risk_Analyzy_Reporty\Analýzy\MLS_Kalkulacka_Napojeni_DWH_2018_01\WriteLog,Kalkulačka MLS_SHL_LOAN_DWH - update20181126.xlsm,LOAN v. 20180904,,N,Y,0,12.12.2018 15:56:59,,MMACICEK1695AB
W:\RISK\Risk_Analyzy_Reporty\Analýzy\MLS_Kalkulacka_Napojeni_DWH_2018_01\WriteLog,Kalkulačka MLS_SHL_LOAN_DWH - update20181126.xlsm,LOAN v. 20180904,,N,Y,0,12.12.2018 15:57:10,,MMACICEK1695AB
W:\RISK\Risk_Analyzy_Reporty\Analýzy\MLS_Kalkulacka_Napojeni_DWH_2018_01\WriteLog,Kalkulačka MLS_SHL_LOAN_DWH - update20181126.xlsm,LOAN v. 20180904,,N,Y,0,12.12.2018 15:57:10,,MMACICEK1695AB
W:\RISK\Risk_Analyzy_Reporty\Analýzy\MLS_Kalkulacka_Napojeni_DWH_2018_01\WriteLog,Kalkulačka MLS_SHL_LOAN_DWH - update20181126.xlsm,LOAN v. 20180904,,N,Y,0,12.12.2018 16:05:30,MMACICEK1695AB,
W:\RISK\Risk_Analyzy_Reporty\Analýzy\MLS_Kalkulacka_Napojeni_DWH_2018_01\WriteLog,Kalkulačka MLS_SHL_LOAN_DWH - update20181126.xlsm,LOAN v. 20180904,,N,Y,0,12.12.2018 16:06:03,MMACICEK1695AB,
W:\RISK\Risk_Analyzy_Reporty\Analýzy\MLS_Kalkulacka_Napojeni_DWH_2018_01\WriteLog,Kalkulačka MLS_SHL_LOAN_DWH - update20181126.xlsm,LOAN v. 20180904,,N,Y,0,12.12.2018 16:26:40,MMACICEK1695AB,
W:\RISK\Risk_Analyzy_Reporty\Analýzy\MLS_Kalkulacka_Napojeni_DWH_2018_01\WriteLog,Kalkulačka MLS_SHL_LOAN_DWH - update20181126.xlsm,LOAN v. 20180904,,N,Y,0,12.12.2018 16:26:40,MMACICEK1695AB,
W:\RISK\Risk_Analyzy_Reporty\Analýzy\MLS_Kalkulacka_Napojeni_DWH_2018_01\WriteLog,Kalkulačka MLS_SHL_LOAN_DWH - update20181126.xlsm,LOAN v. 20180904,,N,Y,0,12.12.2018 16:26:40,MMACICEK1695AB,
W:\RISK\Risk_Analyzy_Reporty\Analýzy\MLS_Kalkulacka_Napojeni_DWH_2018_01\WriteLog,Kalkulačka MLS_SHL_LOAN_DWH - update20181126.xlsm,LOAN v. 20180904,,N,Y,0,12.12.2018 16:26:41,MMACICEK1695AB,
W:\RISK\Risk_Analyzy_Reporty\Analýzy\MLS_Kalkulacka_Napojeni_DWH_2018_01\WriteLog,Kalkulačka MLS_SHL_LOAN_DWH - update20181126.xlsm,LOAN v. 20180904,,N,Y,0,12.12.2018 16:26:41,MMACICEK1695AB,
W:\RISK\Risk_Analyzy_Reporty\Analýzy\MLS_Kalkulacka_Napojeni_DWH_2018_01\WriteLog,Kalkulačka MLS_SHL_LOAN_DWH - update20181126.xlsm,LOAN v. 20180904,,N,Y,0,12.12.2018 16:26:41,MMACICEK1695AB,
W:\RISK\Risk_Analyzy_Reporty\Analýzy\MLS_Kalkulacka_Napojeni_DWH_2018_01\WriteLog,Kalkulačka MLS_SHL_LOAN_DWH - update20181126.xlsm,LOAN v. 20180904,,N,Y,0,12.12.2018 16:26:41,MMACICEK1695AB,
W:\RISK\Risk_Analyzy_Reporty\Analýzy\MLS_Kalkulacka_Napojeni_DWH_2018_01\WriteLog,Kalkulačka MLS_SHL_LOAN_DWH - update20181126.xlsm,LOAN v. 20180904,,N,Y,0,12.12.2018 16:26:41,MMACICEK1695AB,
W:\RISK\Risk_Analyzy_Reporty\Analýzy\MLS_Kalkulacka_Napojeni_DWH_2018_01\WriteLog,Kalkulačka MLS_SHL_LOAN_DWH - update20181126.xlsm,LOAN v. 20180904,,N,Y,0,12.12.2018 16:26:41,MMACICEK1695AB,
W:\RISK\Risk_Analyzy_Reporty\Analýzy\MLS_Kalkulacka_Napojeni_DWH_2018_01\WriteLog,Kalkulačka MLS_SHL_LOAN_DWH - update20181126.xlsm,LOAN v. 20180904,,N,Y,0,12.12.2018 16:26:41,MMACICEK1695AB,
W:\RISK\Risk_Analyzy_Reporty\Analýzy\MLS_Kalkulacka_Napojeni_DWH_2018_01\WriteLog,Kalkulačka MLS_SHL_LOAN_DWH - update20181126.xlsm,LOAN v. 20180904,,N,Y,0,12.12.2018 16:26:42,MMACICEK1695AB,
W:\RISK\Risk_Analyzy_Reporty\Analýzy\MLS_Kalkulacka_Napojeni_DWH_2018_01\WriteLog,Kalkulačka MLS_SHL_LOAN_DWH - update20181126.xlsm,LOAN v. 20180904,,N,Y,0,12.12.2018 16:26:42,MMACICEK1695AB,
W:\RISK\Risk_Analyzy_Reporty\Analýzy\MLS_Kalkulacka_Napojeni_DWH_2018_01\WriteLog,Kalkulačka MLS_SHL_LOAN_DWH - update20181126.xlsm,LOAN v. 20180904,,N,Y,0,12.12.2018 16:26:42,MMACICEK1695AB,
W:\RISK\Risk_Analyzy_Reporty\Analýzy\MLS_Kalkulacka_Napojeni_DWH_2018_01\WriteLog,Kalkulačka MLS_SHL_LOAN_DWH - update20181126.xlsm,LOAN v. 20180904,,N,Y,0,12.12.2018 16:26:42,MMACICEK1695AB,
W:\RISK\Risk_Analyzy_Reporty\Analýzy\MLS_Kalkulacka_Napojeni_DWH_2018_01\WriteLog,Kalkulačka MLS_SHL_LOAN_DWH - update20181126.xlsm,LOAN v. 20180904,,N,Y,0,12.12.2018 16:26:42,MMACICEK1695AB,
W:\RISK\Risk_Analyzy_Reporty\Analýzy\MLS_Kalkulacka_Napojeni_DWH_2018_01\WriteLog,Kalkulačka MLS_SHL_LOAN_DWH - update20181126.xlsm,LOAN v. 20180904,,N,Y,0,12.12.2018 16:26:42,MMACICEK1695AB,
W:\RISK\Risk_Analyzy_Reporty\Analýzy\MLS_Kalkulacka_Napojeni_DWH_2018_01\WriteLog,Kalkulačka MLS_SHL_LOAN_DWH - update20181126.xlsm,LOAN v. 20180904,,N,Y,0,12.12.2018 16:26:42,MMACICEK1695AB,
W:\RISK\Risk_Analyzy_Reporty\Analýzy\MLS_Kalkulacka_Napojeni_DWH_2018_01\WriteLog,Kalkulačka MLS_SHL_LOAN_DWH - update20181126.xlsm,LOAN v. 20180904,,N,Y,0,12.12.2018 16:26:42,MMACICEK1695AB,
W:\RISK\Risk_Analyzy_Reporty\Analýzy\MLS_Kalkulacka_Napojeni_DWH_2018_01\WriteLog,Kalkulačka MLS_SHL_LOAN_DWH - update20181126.xlsm,LOAN v. 20180904,,N,Y,0,12.12.2018 16:26:42,MMACICEK1695AB,
W:\RISK\Risk_Analyzy_Reporty\Analýzy\MLS_Kalkulacka_Napojeni_DWH_2018_01\WriteLog,Kalkulačka MLS_SHL_LOAN_DWH - update20181126.xlsm,LOAN v. 20180904,,N,Y,0,12.12.2018 16:26:42,MMACICEK1695AB,
W:\RISK\Risk_Analyzy_Reporty\Analýzy\MLS_Kalkulacka_Napojeni_DWH_2018_01\WriteLog,Kalkulačka MLS_SHL_LOAN_DWH - update20181126.xlsm,LOAN v. 20180904,,N,Y,0,12.12.2018 16:26:42,MMACICEK1695AB,
W:\RISK\Risk_Analyzy_Reporty\Analýzy\MLS_Kalkulacka_Napojeni_DWH_2018_01\WriteLog,Kalkulačka MLS_SHL_LOAN_DWH - update20181126.xlsm,LOAN v. 20180904,,N,Y,0,12.12.2018 16:26:42,MMACICEK1695AB,
W:\RISK\Risk_Analyzy_Reporty\Analýzy\MLS_Kalkulacka_Napojeni_DWH_2018_01\WriteLog,Kalkulačka MLS_SHL_LOAN_DWH - update20181126.xlsm,LOAN v. 20180904,,N,Y,0,12.12.2018 16:26:42,MMACICEK1695AB,
W:\RISK\Risk_Analyzy_Reporty\Analýzy\MLS_Kalkulacka_Napojeni_DWH_2018_01\WriteLog,Kalkulačka MLS_SHL_LOAN_DWH - update20181126.xlsm,LOAN v. 20180904,,N,Y,0,12.12.2018 16:26:42,MMACICEK1695AB,
W:\RISK\Risk_Analyzy_Reporty\Analýzy\MLS_Kalkulacka_Napojeni_DWH_2018_01\WriteLog,Kalkulačka MLS_SHL_LOAN_DWH - update20181126.xlsm,LOAN v. 20180904,,N,Y,0,12.12.2018 16:26:43,MMACICEK1695AB,
W:\RISK\Risk_Analyzy_Reporty\Analýzy\MLS_Kalkulacka_Napojeni_DWH_2018_01\WriteLog,Kalkulačka MLS_SHL_LOAN_DWH - update20181126.xlsm,LOAN v. 20180904,,N,Y,0,12.12.2018 16:26:43,MMACICEK1695AB,
W:\RISK\Risk_Analyzy_Reporty\Analýzy\MLS_Kalkulacka_Napojeni_DWH_2018_01\WriteLog,Kalkulačka MLS_SHL_LOAN_DWH - update20181126.xlsm,LOAN v. 20180904,,N,Y,0,12.12.2018 16:26:43,MMACICEK1695AB,
W:\RISK\Risk_Analyzy_Reporty\Analýzy\MLS_Kalkulacka_Napojeni_DWH_2018_01\WriteLog,Kalkulačka MLS_SHL_LOAN_DWH - update20181126.xlsm,LOAN v. 20180904,,N,Y,0,12.12.2018 16:26:43,MMACICEK1695AB,
W:\RISK\Risk_Analyzy_Reporty\Analýzy\MLS_Kalkulacka_Napojeni_DWH_2018_01\WriteLog,Kalkulačka MLS_SHL_LOAN_DWH - update20181126.xlsm,LOAN v. 20180904,,N,Y,0,12.12.2018 16:26:43,MMACICEK1695AB,
W:\RISK\Risk_Analyzy_Reporty\Analýzy\MLS_Kalkulacka_Napojeni_DWH_2018_01\WriteLog,Kalkulačka MLS_SHL_LOAN_DWH - update20181126.xlsm,LOAN v. 20180904,,N,Y,0,12.12.2018 16:26:43,MMACICEK1695AB,
W:\RISK\Risk_Analyzy_Reporty\Analýzy\MLS_Kalkulacka_Napojeni_DWH_2018_01\WriteLog,Kalkulačka MLS_SHL_LOAN_DWH - update20181126.xlsm,LOAN v. 20180904,,N,Y,0,12.12.2018 16:26:43,MMACICEK1695AB,
W:\RISK\Risk_Analyzy_Reporty\Analýzy\MLS_Kalkulacka_Napojeni_DWH_2018_01\WriteLog,Kalkulačka MLS_SHL_LOAN_DWH - update20181126.xlsm,LOAN v. 20180904,,N,Y,0,12.12.2018 16:26:43,MMACICEK1695AB,
W:\RISK\Risk_Analyzy_Reporty\Analýzy\MLS_Kalkulacka_Napojeni_DWH_2018_01\WriteLog,Kalkulačka MLS_SHL_LOAN_DWH - update20181126.xlsm,LOAN v. 20180904,,N,Y,0,12.12.2018 16:26:43,MMACICEK1695AB,
W:\RISK\Risk_Analyzy_Reporty\Analýzy\MLS_Kalkulacka_Napojeni_DWH_2018_01\WriteLog,Kalkulačka MLS_SHL_LOAN_DWH - update20181126.xlsm,LOAN v. 20180904,,N,Y,0,12.12.2018 16:26:43,MMACICEK1695AB,
W:\RISK\Risk_Analyzy_Reporty\Analýzy\MLS_Kalkulacka_Napojeni_DWH_2018_01\WriteLog,Kalkulačka MLS_SHL_LOAN_DWH - update20181126.xlsm,LOAN v. 20180904,,N,Y,0,12.12.2018 16:26:43,MMACICEK1695AB,
W:\RISK\Risk_Analyzy_Reporty\Analýzy\MLS_Kalkulacka_Napojeni_DWH_2018_01\WriteLog,Kalkulačka MLS_SHL_LOAN_DWH - update20181126.xlsm,LOAN v. 20180904,,N,Y,0,12.12.2018 16:26:43,MMACICEK1695AB,
W:\RISK\Risk_Analyzy_Reporty\Analýzy\MLS_Kalkulacka_Napojeni_DWH_2018_01\WriteLog,Kalkulačka MLS_SHL_LOAN_DWH - update20181126.xlsm,LOAN v. 20180904,,N,Y,0,12.12.2018 16:26:43,MMACICEK1695AB,
W:\RISK\Risk_Analyzy_Reporty\Analýzy\MLS_Kalkulacka_Napojeni_DWH_2018_01\WriteLog,Kalkulačka MLS_SHL_LOAN_DWH - update20181126.xlsm,LOAN v. 20180904,,N,Y,0,12.12.2018 16:26:43,MMACICEK1695AB,
W:\RISK\Risk_Analyzy_Reporty\Analýzy\MLS_Kalkulacka_Napojeni_DWH_2018_01\WriteLog,Kalkulačka MLS_SHL_LOAN_DWH - update20181126.xlsm,LOAN v. 20180904,,N,Y,0,12.12.2018 16:26:43,MMACICEK1695AB,
W:\RISK\Risk_Analyzy_Reporty\Analýzy\MLS_Kalkulacka_Napojeni_DWH_2018_01\WriteLog,Kalkulačka MLS_SHL_LOAN_DWH - update20181126.xlsm,LOAN v. 20180904,,N,Y,0,12.12.2018 16:26:43,MMACICEK1695AB,
W:\RISK\Risk_Analyzy_Reporty\Analýzy\MLS_Kalkulacka_Napojeni_DWH_2018_01\WriteLog,Kalkulačka MLS_SHL_LOAN_DWH - update20181126.xlsm,LOAN v. 20180904,,N,Y,0,12.12.2018 16:26:43,MMACICEK1695AB,
W:\RISK\Risk_Analyzy_Reporty\Analýzy\MLS_Kalkulacka_Napojeni_DWH_2018_01\WriteLog,Kalkulačka MLS_SHL_LOAN_DWH - update20181126.xlsm,LOAN v. 20180904,,N,Y,0,12.12.2018 16:26:43,MMACICEK1695AB,
W:\RISK\Risk_Analyzy_Reporty\Analýzy\MLS_Kalkulacka_Napojeni_DWH_2018_01\WriteLog,Kalkulačka MLS_SHL_LOAN_DWH - update20181126.xlsm,LOAN v. 20180904,,N,Y,0,12.12.2018 16:26:43,MMACICEK1695AB,
W:\RISK\Risk_Analyzy_Reporty\Analýzy\MLS_Kalkulacka_Napojeni_DWH_2018_01\WriteLog,Kalkulačka MLS_SHL_LOAN_DWH - update20181126.xlsm,LOAN v. 20180904,,N,Y,0,12.12.2018 16:26:43,MMACICEK1695AB,
W:\RISK\Risk_Analyzy_Reporty\Analýzy\MLS_Kalkulacka_Napojeni_DWH_2018_01\WriteLog,Kalkulačka MLS_SHL_LOAN_DWH - update20181126.xlsm,LOAN v. 20180904,,N,Y,0,12.12.2018 16:26:43,MMACICEK1695AB,
W:\RISK\Risk_Analyzy_Reporty\Analýzy\MLS_Kalkulacka_Napojeni_DWH_2018_01\WriteLog,Kalkulačka MLS_SHL_LOAN_DWH - update20181126.xlsm,LOAN v. 20180904,,N,Y,0,12.12.2018 16:26:43,MMACICEK1695AB,
W:\RISK\Risk_Analyzy_Reporty\Analýzy\MLS_Kalkulacka_Napojeni_DWH_2018_01\WriteLog,Kalkulačka MLS_SHL_LOAN_DWH - update20181126.xlsm,LOAN v. 20180904,,N,Y,0,12.12.2018 16:26:43,MMACICEK1695AB,
W:\RISK\Risk_Analyzy_Reporty\Analýzy\MLS_Kalkulacka_Napojeni_DWH_2018_01\WriteLog,Kalkulačka MLS_SHL_LOAN_DWH - update20181126.xlsm,LOAN v. 20180904,,N,Y,0,12.12.2018 16:26:43,MMACICEK1695AB,
W:\RISK\Risk_Analyzy_Reporty\Analýzy\MLS_Kalkulacka_Napojeni_DWH_2018_01\WriteLog,Kalkulačka MLS_SHL_LOAN_DWH - update20181126.xlsm,LOAN v. 20180904,,N,Y,0,12.12.2018 16:26:43,MMACICEK1695AB,
W:\RISK\Risk_Analyzy_Reporty\Analýzy\MLS_Kalkulacka_Napojeni_DWH_2018_01\WriteLog,Kalkulačka MLS_SHL_LOAN_DWH - update20181126.xlsm,LOAN v. 20180904,,N,Y,0,12.12.2018 16:26:43,MMACICEK1695AB,
W:\RISK\Risk_Analyzy_Reporty\Analýzy\MLS_Kalkulacka_Napojeni_DWH_2018_01\WriteLog,Kalkulačka MLS_SHL_LOAN_DWH - update20181126.xlsm,LOAN v. 20180904,,N,Y,0,12.12.2018 16:26:43,MMACICEK1695AB,
W:\RISK\Risk_Analyzy_Reporty\Analýzy\MLS_Kalkulacka_Napojeni_DWH_2018_01\WriteLog,Kalkulačka MLS_SHL_LOAN_DWH - update20181126.xlsm,LOAN v. 20180904,,N,Y,0,12.12.2018 16:26:43,MMACICEK1695AB,
W:\RISK\Risk_Analyzy_Reporty\Analýzy\MLS_Kalkulacka_Napojeni_DWH_2018_01\WriteLog,Kalkulačka MLS_SHL_LOAN_DWH - update20181126.xlsm,LOAN v. 20180904,,N,Y,0,12.12.2018 16:26:43,MMACICEK1695AB,
W:\RISK\Risk_Analyzy_Reporty\Analýzy\MLS_Kalkulacka_Napojeni_DWH_2018_01\WriteLog,Kalkulačka MLS_SHL_LOAN_DWH - update20181126.xlsm,LOAN v. 20180904,,N,Y,0,12.12.2018 16:26:43,MMACICEK1695AB,
W:\RISK\Risk_Analyzy_Reporty\Analýzy\MLS_Kalkulacka_Napojeni_DWH_2018_01\WriteLog,Kalkulačka MLS_SHL_LOAN_DWH - update20181126.xlsm,LOAN v. 20180904,,N,Y,0,12.12.2018 16:26:44,MMACICEK1695AB,
W:\RISK\Risk_Analyzy_Reporty\Analýzy\MLS_Kalkulacka_Napojeni_DWH_2018_01\WriteLog,Kalkulačka MLS_SHL_LOAN_DWH - update20181126.xlsm,LOAN v. 20180904,,N,Y,0,12.12.2018 16:26:44,MMACICEK1695AB,
W:\RISK\Risk_Analyzy_Reporty\Analýzy\MLS_Kalkulacka_Napojeni_DWH_2018_01\WriteLog,Kalkulačka MLS_SHL_LOAN_DWH - update20181126.xlsm,LOAN v. 20180904,,N,Y,0,12.12.2018 16:26:44,MMACICEK1695AB,
W:\RISK\Risk_Analyzy_Reporty\Analýzy\MLS_Kalkulacka_Napojeni_DWH_2018_01\WriteLog,Kalkulačka MLS_SHL_LOAN_DWH - update20181126.xlsm,LOAN v. 20180904,,N,Y,0,12.12.2018 16:26:44,MMACICEK1695AB,
W:\RISK\Risk_Analyzy_Reporty\Analýzy\MLS_Kalkulacka_Napojeni_DWH_2018_01\WriteLog,Kalkulačka MLS_SHL_LOAN_DWH - update20181126.xlsm,LOAN v. 20180904,,N,Y,0,12.12.2018 16:26:44,MMACICEK1695AB,
W:\RISK\Risk_Analyzy_Reporty\Analýzy\MLS_Kalkulacka_Napojeni_DWH_2018_01\WriteLog,Kalkulačka MLS_SHL_LOAN_DWH - update20181126.xlsm,LOAN v. 20180904,,N,Y,0,12.12.2018 16:26:44,MMACICEK1695AB,
W:\RISK\Risk_Analyzy_Reporty\Analýzy\MLS_Kalkulacka_Napojeni_DWH_2018_01\WriteLog,Kalkulačka MLS_SHL_LOAN_DWH - update20181126.xlsm,LOAN v. 20180904,,N,Y,0,12.12.2018 16:26:44,MMACICEK1695AB,
W:\RISK\Risk_Analyzy_Reporty\Analýzy\MLS_Kalkulacka_Napojeni_DWH_2018_01\WriteLog,Kalkulačka MLS_SHL_LOAN_DWH - update20181126.xlsm,LOAN v. 20180904,,N,Y,0,12.12.2018 16:26:44,MMACICEK1695AB,
W:\RISK\Risk_Analyzy_Reporty\Analýzy\MLS_Kalkulacka_Napojeni_DWH_2018_01\WriteLog,Kalkulačka MLS_SHL_LOAN_DWH - update20181126.xlsm,LOAN v. 20180904,,N,Y,0,12.12.2018 16:26:44,MMACICEK1695AB,
W:\RISK\Risk_Analyzy_Reporty\Analýzy\MLS_Kalkulacka_Napojeni_DWH_2018_01\WriteLog,Kalkulačka MLS_SHL_LOAN_DWH - update20181126.xlsm,LOAN v. 20180904,,N,Y,0,12.12.2018 16:26:44,MMACICEK1695AB,
W:\RISK\Risk_Analyzy_Reporty\Analýzy\MLS_Kalkulacka_Napojeni_DWH_2018_01\WriteLog,Kalkulačka MLS_SHL_LOAN_DWH - update20181126.xlsm,LOAN v. 20180904,,N,Y,0,12.12.2018 16:26:44,MMACICEK1695AB,
